Series Code,Line No.,Starting Date,Starting No.,Ending No.,Warning No.,Increment-by No.,Last No. Used,Open,Last Date Used
LOT-NO,32790000,2024/1/1,ULOT-240101-0001,ULOT-240101-9999,,1,,Yes,
LOT-NO,32800000,2024/1/2,ULOT-240102-0001,ULOT-240102-9999,,1,ULOT-240102-0592,Yes,2024/1/2
LOT-NO,32810000,2024/1/3,ULOT-240103-0001,ULOT-240103-9999,,1,ULOT-240103-0943,Yes,2024/1/3
LOT-NO,32820000,2024/1/4,ULOT-240104-0001,ULOT-240104-9999,,1,ULOT-240104-0408,Yes,2024/1/4
LOT-NO,32830000,2024/1/5,ULOT-240105-0001,ULOT-240105-9999,,1,ULOT-240105-0249,Yes,2024/1/5
LOT-NO,32840000,2024/1/6,ULOT-240106-0001,ULOT-240106-9999,,1,,Yes,
LOT-NO,32850000,2024/1/7,ULOT-240107-0001,ULOT-240107-9999,,1,,Yes,
LOT-NO,32860000,2024/1/8,ULOT-240108-0001,ULOT-240108-9999,,1,ULOT-240108-0638,Yes,2024/1/8
LOT-NO,32870000,2024/1/9,ULOT-240109-0001,ULOT-240109-9999,,1,ULOT-240109-0383,Yes,2024/1/9
LOT-NO,32880000,2024/1/10,ULOT-240110-0001,ULOT-240110-9999,,1,ULOT-240110-0440,Yes,2024/1/10
LOT-NO,32890000,2024/1/11,ULOT-240111-0001,ULOT-240111-9999,,1,ULOT-240111-0190,Yes,2024/1/11
LOT-NO,32900000,2024/1/12,ULOT-240112-0001,ULOT-240112-9999,,1,ULOT-240112-0252,Yes,2024/1/12
LOT-NO,32910000,2024/1/13,ULOT-240113-0001,ULOT-240113-9999,,1,,Yes,
LOT-NO,32920000,2024/1/14,ULOT-240114-0001,ULOT-240114-9999,,1,,Yes,
LOT-NO,32930000,2024/1/15,ULOT-240115-0001,ULOT-240115-9999,,1,,Yes,
LOT-NO,32940000,2024/1/16,ULOT-240116-0001,ULOT-240116-9999,,1,ULOT-240116-0585,Yes,2024/1/16
LOT-NO,32950000,2024/1/17,ULOT-240117-0001,ULOT-240117-9999,,1,ULOT-240117-0446,Yes,2024/1/17
LOT-NO,32960000,2024/1/18,ULOT-240118-0001,ULOT-240118-9999,,1,ULOT-240118-0258,Yes,2024/1/18
LOT-NO,32970000,2024/1/19,ULOT-240119-0001,ULOT-240119-9999,,1,ULOT-240119-0303,Yes,2024/1/19
LOT-NO,32980000,2024/1/20,ULOT-240120-0001,ULOT-240120-9999,,1,,Yes,
LOT-NO,32990000,2024/1/21,ULOT-240121-0001,ULOT-240121-9999,,1,,Yes,
LOT-NO,33000000,2024/1/22,ULOT-240122-0001,ULOT-240122-9999,,1,ULOT-240122-0459,Yes,2024/1/22
LOT-NO,33010000,2024/1/23,ULOT-240123-0001,ULOT-240123-9999,,1,ULOT-240123-0421,Yes,2024/1/23
LOT-NO,33020000,2024/1/24,ULOT-240124-0001,ULOT-240124-9999,,1,ULOT-240124-0970,Yes,2024/1/24
LOT-NO,33030000,2024/1/25,ULOT-240125-0001,ULOT-240125-9999,,1,ULOT-240125-0358,Yes,2024/1/25
LOT-NO,33040000,2024/1/26,ULOT-240126-0001,ULOT-240126-9999,,1,ULOT-240126-0541,Yes,2024/1/26
LOT-NO,33050000,2024/1/27,ULOT-240127-0001,ULOT-240127-9999,,1,ULOT-240127-0181,Yes,2024/1/27
LOT-NO,33060000,2024/1/28,ULOT-240128-0001,ULOT-240128-9999,,1,,Yes,
LOT-NO,33070000,2024/1/29,ULOT-240129-0001,ULOT-240129-9999,,1,ULOT-240129-0256,Yes,2024/1/29
LOT-NO,33080000,2024/1/30,ULOT-240130-0001,ULOT-240130-9999,,1,ULOT-240130-0564,Yes,2024/1/30
LOT-NO,33090000,2024/1/31,ULOT-240131-0001,ULOT-240131-9999,,1,ULOT-240131-0409,Yes,2024/1/31
LOT-NO,33100000,2024/2/1,ULOT-240201-0001,ULOT-240201-9999,,1,ULOT-240201-0119,Yes,2024/2/1
LOT-NO,33110000,2024/2/2,ULOT-240202-0001,ULOT-240202-9999,,1,ULOT-240202-1574,Yes,2024/2/2
LOT-NO,33120000,2024/2/3,ULOT-240203-0001,ULOT-240203-9999,,1,,Yes,
LOT-NO,33130000,2024/2/4,ULOT-240204-0001,ULOT-240204-9999,,1,,Yes,
LOT-NO,33140000,2024/2/5,ULOT-240205-0001,ULOT-240205-9999,,1,ULOT-240205-0695,Yes,2024/2/5
LOT-NO,33150000,2024/2/6,ULOT-240206-0001,ULOT-240206-9999,,1,ULOT-240206-0592,Yes,2024/2/6
LOT-NO,33160000,2024/2/7,ULOT-240207-0001,ULOT-240207-9999,,1,ULOT-240207-0523,Yes,2024/2/7
LOT-NO,33170000,2024/2/8,ULOT-240208-0001,ULOT-240208-9999,,1,ULOT-240208-0388,Yes,2024/2/8
LOT-NO,33180000,2024/2/9,ULOT-240209-0001,ULOT-240209-9999,,1,ULOT-240209-0483,Yes,2024/2/9
LOT-NO,33190000,2024/2/10,ULOT-240210-0001,ULOT-240210-9999,,1,ULOT-240210-0011,Yes,2024/2/10
LOT-NO,33200000,2024/2/11,ULOT-240211-0001,ULOT-240211-9999,,1,,Yes,
LOT-NO,33210000,2024/2/12,ULOT-240212-0001,ULOT-240212-9999,,1,ULOT-240212-0906,Yes,2024/2/12
LOT-NO,33220000,2024/2/13,ULOT-240213-0001,ULOT-240213-9999,,1,ULOT-240213-0223,Yes,2024/2/13
LOT-NO,33230000,2024/2/14,ULOT-240214-0001,ULOT-240214-9999,,1,ULOT-240214-0436,Yes,2024/2/14
LOT-NO,33240000,2024/2/15,ULOT-240215-0001,ULOT-240215-9999,,1,ULOT-240215-0287,Yes,2024/2/15
LOT-NO,33250000,2024/2/16,ULOT-240216-0001,ULOT-240216-9999,,1,ULOT-240216-0342,Yes,2024/2/16
LOT-NO,33260000,2024/2/17,ULOT-240217-0001,ULOT-240217-9999,,1,,Yes,
LOT-NO,33270000,2024/2/18,ULOT-240218-0001,ULOT-240218-9999,,1,,Yes,
LOT-NO,33280000,2024/2/19,ULOT-240219-0001,ULOT-240219-9999,,1,,Yes,
LOT-NO,33290000,2024/2/20,ULOT-240220-0001,ULOT-240220-9999,,1,ULOT-240220-0351,Yes,2024/2/20
LOT-NO,33300000,2024/2/21,ULOT-240221-0001,ULOT-240221-9999,,1,ULOT-240221-0618,Yes,2024/2/21
LOT-NO,33310000,2024/2/22,ULOT-240222-0001,ULOT-240222-9999,,1,ULOT-240222-0419,Yes,2024/2/22
LOT-NO,33320000,2024/2/23,ULOT-240223-0001,ULOT-240223-9999,,1,ULOT-240223-0248,Yes,2024/2/23
LOT-NO,33330000,2024/2/24,ULOT-240224-0001,ULOT-240224-9999,,1,,Yes,
LOT-NO,33340000,2024/2/25,ULOT-240225-0001,ULOT-240225-9999,,1,,Yes,
LOT-NO,33350000,2024/2/26,ULOT-240226-0001,ULOT-240226-9999,,1,ULOT-240226-0339,Yes,2024/2/26
LOT-NO,33360000,2024/2/27,ULOT-240227-0001,ULOT-240227-9999,,1,ULOT-240227-0409,Yes,2024/2/27
LOT-NO,33370000,2024/2/28,ULOT-240228-0001,ULOT-240228-9999,,1,ULOT-240228-0364,Yes,2024/2/28
LOT-NO,33380000,2024/2/29,ULOT-240229-0001,ULOT-240229-9999,,1,ULOT-240229-1006,Yes,2024/2/29
LOT-NO,33390000,2024/3/1,ULOT-240301-0001,ULOT-240301-9999,,1,ULOT-240301-0143,Yes,2024/3/1
LOT-NO,33400000,2024/3/2,ULOT-240302-0001,ULOT-240302-9999,,1,,Yes,
LOT-NO,33410000,2024/3/3,ULOT-240303-0001,ULOT-240303-9999,,1,,Yes,
LOT-NO,33420000,2024/3/4,ULOT-240304-0001,ULOT-240304-9999,,1,ULOT-240304-0172,Yes,2024/3/4
LOT-NO,33430000,2024/3/5,ULOT-240305-0001,ULOT-240305-9999,,1,ULOT-240305-1199,Yes,2024/3/5
LOT-NO,33440000,2024/3/6,ULOT-240306-0001,ULOT-240306-9999,,1,ULOT-240306-0463,Yes,2024/3/6
LOT-NO,33450000,2024/3/7,ULOT-240307-0001,ULOT-240307-9999,,1,ULOT-240307-2411,Yes,2024/3/7
LOT-NO,33460000,2024/3/8,ULOT-240308-0001,ULOT-240308-9999,,1,ULOT-240308-0172,Yes,2024/3/8
LOT-NO,33470000,2024/3/9,ULOT-240309-0001,ULOT-240309-9999,,1,,Yes,
LOT-NO,33480000,2024/3/10,ULOT-240310-0001,ULOT-240310-9999,,1,,Yes,
LOT-NO,33490000,2024/3/11,ULOT-240311-0001,ULOT-240311-9999,,1,ULOT-240311-0431,Yes,2024/3/11
LOT-NO,33500000,2024/3/12,ULOT-240312-0001,ULOT-240312-9999,,1,ULOT-240312-0265,Yes,2024/3/12
LOT-NO,33510000,2024/3/13,ULOT-240313-0001,ULOT-240313-9999,,1,ULOT-240313-0851,Yes,2024/3/13
LOT-NO,33520000,2024/3/14,ULOT-240314-0001,ULOT-240314-9999,,1,ULOT-240314-0978,Yes,2024/3/14
LOT-NO,33530000,2024/3/15,ULOT-240315-0001,ULOT-240315-9999,,1,ULOT-240315-0757,Yes,2024/3/15
LOT-NO,33540000,2024/3/16,ULOT-240316-0001,ULOT-240316-9999,,1,,Yes,
LOT-NO,33550000,2024/3/17,ULOT-240317-0001,ULOT-240317-9999,,1,,Yes,
LOT-NO,33560000,2024/3/18,ULOT-240318-0001,ULOT-240318-9999,,1,ULOT-240318-0731,Yes,2024/3/18
LOT-NO,33570000,2024/3/19,ULOT-240319-0001,ULOT-240319-9999,,1,ULOT-240319-1231,Yes,2024/3/19
LOT-NO,33580000,2024/3/20,ULOT-240320-0001,ULOT-240320-9999,,1,ULOT-240320-0537,Yes,2024/3/20
LOT-NO,33590000,2024/3/21,ULOT-240321-0001,ULOT-240321-9999,,1,ULOT-240321-0337,Yes,2024/3/21
LOT-NO,33600000,2024/3/22,ULOT-240322-0001,ULOT-240322-9999,,1,ULOT-240322-0557,Yes,2024/3/22
LOT-NO,33610000,2024/3/23,ULOT-240323-0001,ULOT-240323-9999,,1,,Yes,
LOT-NO,33620000,2024/3/24,ULOT-240324-0001,ULOT-240324-9999,,1,ULOT-240324-0018,Yes,2024/3/24
LOT-NO,33630000,2024/3/25,ULOT-240325-0001,ULOT-240325-9999,,1,ULOT-240325-0226,Yes,2024/3/25
LOT-NO,33640000,2024/3/26,ULOT-240326-0001,ULOT-240326-9999,,1,ULOT-240326-0520,Yes,2024/3/26
LOT-NO,33650000,2024/3/27,ULOT-240327-0001,ULOT-240327-9999,,1,ULOT-240327-0188,Yes,2024/3/27
LOT-NO,33660000,2024/3/28,ULOT-240328-0001,ULOT-240328-9999,,1,ULOT-240328-0317,Yes,2024/3/28
LOT-NO,33670000,2024/3/29,ULOT-240329-0001,ULOT-240329-9999,,1,ULOT-240329-1001,Yes,2024/3/29
LOT-NO,33680000,2024/3/30,ULOT-240330-0001,ULOT-240330-9999,,1,,Yes,
LOT-NO,33690000,2024/3/31,ULOT-240331-0001,ULOT-240331-9999,,1,,Yes,
LOT-NO,33700000,2024/4/1,ULOT-240401-0001,ULOT-240401-9999,,1,ULOT-240401-0046,Yes,2024/4/1
LOT-NO,33710000,2024/4/2,ULOT-240402-0001,ULOT-240402-9999,,1,ULOT-240402-0188,Yes,2024/4/2
LOT-NO,33720000,2024/4/3,ULOT-240403-0001,ULOT-240403-9999,,1,ULOT-240403-0198,Yes,2024/4/3
LOT-NO,33730000,2024/4/4,ULOT-240404-0001,ULOT-240404-9999,,1,ULOT-240404-0135,Yes,2024/4/4
LOT-NO,33740000,2024/4/5,ULOT-240405-0001,ULOT-240405-9999,,1,ULOT-240405-0614,Yes,2024/4/5
LOT-NO,33750000,2024/4/6,ULOT-240406-0001,ULOT-240406-9999,,1,,Yes,
LOT-NO,33760000,2024/4/7,ULOT-240407-0001,ULOT-240407-9999,,1,,Yes,
LOT-NO,33770000,2024/4/8,ULOT-240408-0001,ULOT-240408-9999,,1,ULOT-240408-0345,Yes,2024/4/8
LOT-NO,33780000,2024/4/9,ULOT-240409-0001,ULOT-240409-9999,,1,ULOT-240409-0400,Yes,2024/4/9
LOT-NO,33790000,2024/4/10,ULOT-240410-0001,ULOT-240410-9999,,1,ULOT-240410-0615,Yes,2024/4/10
LOT-NO,33800000,2024/4/11,ULOT-240411-0001,ULOT-240411-9999,,1,ULOT-240411-0681,Yes,2024/4/11
LOT-NO,33810000,2024/4/12,ULOT-240412-0001,ULOT-240412-9999,,1,ULOT-240412-0768,Yes,2024/4/12
LOT-NO,33820000,2024/4/13,ULOT-240413-0001,ULOT-240413-9999,,1,,Yes,
LOT-NO,33830000,2024/4/14,ULOT-240414-0001,ULOT-240414-9999,,1,,Yes,
LOT-NO,33840000,2024/4/15,ULOT-240415-0001,ULOT-240415-9999,,1,ULOT-240415-1000,Yes,2024/4/15
LOT-NO,33850000,2024/4/16,ULOT-240416-0001,ULOT-240416-9999,,1,ULOT-240416-0986,Yes,2024/4/16
LOT-NO,33860000,2024/4/17,ULOT-240417-0001,ULOT-240417-9999,,1,ULOT-240417-0607,Yes,2024/4/17
LOT-NO,33870000,2024/4/18,ULOT-240418-0001,ULOT-240418-9999,,1,ULOT-240418-0129,Yes,2024/4/18
LOT-NO,33880000,2024/4/19,ULOT-240419-0001,ULOT-240419-9999,,1,ULOT-240419-0319,Yes,2024/4/19
LOT-NO,33890000,2024/4/20,ULOT-240420-0001,ULOT-240420-9999,,1,,Yes,
LOT-NO,33900000,2024/4/21,ULOT-240421-0001,ULOT-240421-9999,,1,,Yes,
LOT-NO,33910000,2024/4/22,ULOT-240422-0001,ULOT-240422-9999,,1,ULOT-240422-0235,Yes,2024/4/22
LOT-NO,33920000,2024/4/23,ULOT-240423-0001,ULOT-240423-9999,,1,ULOT-240423-0192,Yes,2024/4/23
LOT-NO,33930000,2024/4/24,ULOT-240424-0001,ULOT-240424-9999,,1,ULOT-240424-0458,Yes,2024/4/24
LOT-NO,33940000,2024/4/25,ULOT-240425-0001,ULOT-240425-9999,,1,ULOT-240425-0404,Yes,2024/4/25
LOT-NO,33950000,2024/4/26,ULOT-240426-0001,ULOT-240426-9999,,1,ULOT-240426-0485,Yes,2024/4/26
LOT-NO,33960000,2024/4/27,ULOT-240427-0001,ULOT-240427-9999,,1,,Yes,
LOT-NO,33970000,2024/4/28,ULOT-240428-0001,ULOT-240428-9999,,1,ULOT-240428-0019,Yes,2024/4/28
LOT-NO,33980000,2024/4/29,ULOT-240429-0001,ULOT-240429-9999,,1,ULOT-240429-0337,Yes,2024/4/29
LOT-NO,33990000,2024/4/30,ULOT-240430-0001,ULOT-240430-9999,,1,ULOT-240430-1035,Yes,2024/4/30
LOT-NO,34000000,2024/5/1,ULOT-240501-0001,ULOT-240501-9999,,1,ULOT-240501-0167,Yes,2024/5/1
LOT-NO,34010000,2024/5/2,ULOT-240502-0001,ULOT-240502-9999,,1,ULOT-240502-0116,Yes,2024/5/2
LOT-NO,34020000,2024/5/3,ULOT-240503-0001,ULOT-240503-9999,,1,ULOT-240503-0145,Yes,2024/5/3
LOT-NO,34030000,2024/5/4,ULOT-240504-0001,ULOT-240504-9999,,1,,Yes,
LOT-NO,34040000,2024/5/5,ULOT-240505-0001,ULOT-240505-9999,,1,,Yes,
LOT-NO,34050000,2024/5/6,ULOT-240506-0001,ULOT-240506-9999,,1,ULOT-240506-0655,Yes,2024/5/6
LOT-NO,34060000,2024/5/7,ULOT-240507-0001,ULOT-240507-9999,,1,ULOT-240507-0295,Yes,2024/5/7
LOT-NO,34070000,2024/5/8,ULOT-240508-0001,ULOT-240508-9999,,1,ULOT-240508-0310,Yes,2024/5/8
LOT-NO,34080000,2024/5/9,ULOT-240509-0001,ULOT-240509-9999,,1,ULOT-240509-0536,Yes,2024/5/9
LOT-NO,34090000,2024/5/10,ULOT-240510-0001,ULOT-240510-9999,,1,ULOT-240510-0813,Yes,2024/5/10
LOT-NO,34100000,2024/5/11,ULOT-240511-0001,ULOT-240511-9999,,1,,Yes,
LOT-NO,34110000,2024/5/12,ULOT-240512-0001,ULOT-240512-9999,,1,,Yes,
LOT-NO,34120000,2024/5/13,ULOT-240513-0001,ULOT-240513-9999,,1,ULOT-240513-0478,Yes,2024/5/13
LOT-NO,34130000,2024/5/14,ULOT-240514-0001,ULOT-240514-9999,,1,ULOT-240514-0909,Yes,2024/5/14
LOT-NO,34140000,2024/5/15,ULOT-240515-0001,ULOT-240515-9999,,1,ULOT-240515-0708,Yes,2024/5/15
LOT-NO,34150000,2024/5/16,ULOT-240516-0001,ULOT-240516-9999,,1,ULOT-240516-0197,Yes,2024/5/16
LOT-NO,34160000,2024/5/17,ULOT-240517-0001,ULOT-240517-9999,,1,ULOT-240517-0102,Yes,2024/5/17
LOT-NO,34170000,2024/5/18,ULOT-240518-0001,ULOT-240518-9999,,1,,Yes,
LOT-NO,34180000,2024/5/19,ULOT-240519-0001,ULOT-240519-9999,,1,,Yes,
LOT-NO,34190000,2024/5/20,ULOT-240520-0001,ULOT-240520-9999,,1,ULOT-240520-0709,Yes,2024/5/20
LOT-NO,34200000,2024/5/21,ULOT-240521-0001,ULOT-240521-9999,,1,ULOT-240521-0194,Yes,2024/5/21
LOT-NO,34210000,2024/5/22,ULOT-240522-0001,ULOT-240522-9999,,1,ULOT-240522-0250,Yes,2024/5/22
LOT-NO,34220000,2024/5/23,ULOT-240523-0001,ULOT-240523-9999,,1,ULOT-240523-0181,Yes,2024/5/23
LOT-NO,34230000,2024/5/24,ULOT-240524-0001,ULOT-240524-9999,,1,ULOT-240524-0499,Yes,2024/5/24
LOT-NO,34240000,2024/5/25,ULOT-240525-0001,ULOT-240525-9999,,1,,Yes,
LOT-NO,34250000,2024/5/26,ULOT-240526-0001,ULOT-240526-9999,,1,,Yes,
LOT-NO,34260000,2024/5/27,ULOT-240527-0001,ULOT-240527-9999,,1,,Yes,
LOT-NO,34270000,2024/5/28,ULOT-240528-0001,ULOT-240528-9999,,1,ULOT-240528-0413,Yes,2024/5/28
LOT-NO,34280000,2024/5/29,ULOT-240529-0001,ULOT-240529-9999,,1,ULOT-240529-0503,Yes,2024/5/29
LOT-NO,34290000,2024/5/30,ULOT-240530-0001,ULOT-240530-9999,,1,ULOT-240530-0255,Yes,2024/5/30
LOT-NO,34300000,2024/5/31,ULOT-240531-0001,ULOT-240531-9999,,1,ULOT-240531-1352,Yes,2024/5/31
LOT-NO,34310000,2024/6/1,ULOT-240601-0001,ULOT-240601-9999,,1,,Yes,
LOT-NO,34320000,2024/6/2,ULOT-240602-0001,ULOT-240602-9999,,1,,Yes,
LOT-NO,34330000,2024/6/3,ULOT-240603-0001,ULOT-240603-9999,,1,ULOT-240603-0107,Yes,2024/6/3
LOT-NO,34340000,2024/6/4,ULOT-240604-0001,ULOT-240604-9999,,1,ULOT-240604-0142,Yes,2024/6/4
LOT-NO,34350000,2024/6/5,ULOT-240605-0001,ULOT-240605-9999,,1,ULOT-240605-0205,Yes,2024/6/5
LOT-NO,34360000,2024/6/6,ULOT-240606-0001,ULOT-240606-9999,,1,ULOT-240606-0157,Yes,2024/6/6
LOT-NO,34370000,2024/6/7,ULOT-240607-0001,ULOT-240607-9999,,1,ULOT-240607-0211,Yes,2024/6/7
LOT-NO,34380000,2024/6/8,ULOT-240608-0001,ULOT-240608-9999,,1,,Yes,
LOT-NO,34390000,2024/6/9,ULOT-240609-0001,ULOT-240609-9999,,1,,Yes,
LOT-NO,34400000,2024/6/10,ULOT-240610-0001,ULOT-240610-9999,,1,ULOT-240610-0340,Yes,2024/6/10
LOT-NO,34410000,2024/6/11,ULOT-240611-0001,ULOT-240611-9999,,1,ULOT-240611-0211,Yes,2024/6/11
LOT-NO,34420000,2024/6/12,ULOT-240612-0001,ULOT-240612-9999,,1,ULOT-240612-0500,Yes,2024/6/12
LOT-NO,34430000,2024/6/13,ULOT-240613-0001,ULOT-240613-9999,,1,ULOT-240613-0403,Yes,2024/6/13
LOT-NO,34440000,2024/6/14,ULOT-240614-0001,ULOT-240614-9999,,1,ULOT-240614-0197,Yes,2024/6/14
LOT-NO,34450000,2024/6/15,ULOT-240615-0001,ULOT-240615-9999,,1,,Yes,
LOT-NO,34460000,2024/6/16,ULOT-240616-0001,ULOT-240616-9999,,1,,Yes,
LOT-NO,34470000,2024/6/17,ULOT-240617-0001,ULOT-240617-9999,,1,ULOT-240617-0564,Yes,2024/6/17
LOT-NO,34480000,2024/6/18,ULOT-240618-0001,ULOT-240618-9999,,1,ULOT-240618-1861,Yes,2024/6/18
LOT-NO,34490000,2024/6/19,ULOT-240619-0001,ULOT-240619-9999,,1,ULOT-240619-0475,Yes,2024/6/19
LOT-NO,34500000,2024/6/20,ULOT-240620-0001,ULOT-240620-9999,,1,ULOT-240620-0250,Yes,2024/6/20
LOT-NO,34510000,2024/6/21,ULOT-240621-0001,ULOT-240621-9999,,1,ULOT-240621-0642,Yes,2024/6/21
LOT-NO,34520000,2024/6/22,ULOT-240622-0001,ULOT-240622-9999,,1,,Yes,
LOT-NO,34530000,2024/6/23,ULOT-240623-0001,ULOT-240623-9999,,1,,Yes,
LOT-NO,34540000,2024/6/24,ULOT-240624-0001,ULOT-240624-9999,,1,ULOT-240624-0292,Yes,2024/6/24
LOT-NO,34550000,2024/6/25,ULOT-240625-0001,ULOT-240625-9999,,1,ULOT-240625-0155,Yes,2024/6/25
LOT-NO,34560000,2024/6/26,ULOT-240626-0001,ULOT-240626-9999,,1,ULOT-240626-0382,Yes,2024/6/26
LOT-NO,34570000,2024/6/27,ULOT-240627-0001,ULOT-240627-9999,,1,ULOT-240627-0520,Yes,2024/6/27
LOT-NO,34580000,2024/6/28,ULOT-240628-0001,ULOT-240628-9999,,1,ULOT-240628-1173,Yes,2024/6/28
LOT-NO,34590000,2024/6/29,ULOT-240629-0001,ULOT-240629-9999,,1,,Yes,
LOT-NO,34600000,2024/6/30,ULOT-240630-0001,ULOT-240630-9999,,1,,Yes,
LOT-NO,34610000,2024/7/1,ULOT-240701-0001,ULOT-240701-9999,,1,ULOT-240701-0187,Yes,2024/7/1
LOT-NO,34620000,2024/7/2,ULOT-240702-0001,ULOT-240702-9999,,1,ULOT-240702-0208,Yes,2024/7/2
LOT-NO,34630000,2024/7/3,ULOT-240703-0001,ULOT-240703-9999,,1,ULOT-240703-0142,Yes,2024/7/3
LOT-NO,34640000,2024/7/4,ULOT-240704-0001,ULOT-240704-9999,,1,,Yes,
LOT-NO,34650000,2024/7/5,ULOT-240705-0001,ULOT-240705-9999,,1,ULOT-240705-0128,Yes,2024/7/5
LOT-NO,34660000,2024/7/6,ULOT-240706-0001,ULOT-240706-9999,,1,,Yes,
LOT-NO,34670000,2024/7/7,ULOT-240707-0001,ULOT-240707-9999,,1,,Yes,
LOT-NO,34680000,2024/7/8,ULOT-240708-0001,ULOT-240708-9999,,1,ULOT-240708-0199,Yes,2024/7/8
LOT-NO,34690000,2024/7/9,ULOT-240709-0001,ULOT-240709-9999,,1,ULOT-240709-0294,Yes,2024/7/9
LOT-NO,34700000,2024/7/10,ULOT-240710-0001,ULOT-240710-9999,,1,ULOT-240710-0240,Yes,2024/7/10
LOT-NO,34710000,2024/7/11,ULOT-240711-0001,ULOT-240711-9999,,1,ULOT-240711-0719,Yes,2024/7/11
LOT-NO,34720000,2024/7/12,ULOT-240712-0001,ULOT-240712-9999,,1,ULOT-240712-0730,Yes,2024/7/12
LOT-NO,34730000,2024/7/13,ULOT-240713-0001,ULOT-240713-9999,,1,,Yes,
LOT-NO,34740000,2024/7/14,ULOT-240714-0001,ULOT-240714-9999,,1,,Yes,
LOT-NO,34750000,2024/7/15,ULOT-240715-0001,ULOT-240715-9999,,1,ULOT-240715-0834,Yes,2024/7/15
LOT-NO,34760000,2024/7/16,ULOT-240716-0001,ULOT-240716-9999,,1,ULOT-240716-0914,Yes,2024/7/16
LOT-NO,34770000,2024/7/17,ULOT-240717-0001,ULOT-240717-9999,,1,ULOT-240717-0642,Yes,2024/7/17
LOT-NO,34780000,2024/7/18,ULOT-240718-0001,ULOT-240718-9999,,1,ULOT-240718-0223,Yes,2024/7/18
LOT-NO,34790000,2024/7/19,ULOT-240719-0001,ULOT-240719-9999,,1,ULOT-240719-0333,Yes,2024/7/19
LOT-NO,34800000,2024/7/20,ULOT-240720-0001,ULOT-240720-9999,,1,,Yes,
LOT-NO,34810000,2024/7/21,ULOT-240721-0001,ULOT-240721-9999,,1,,Yes,
LOT-NO,34820000,2024/7/22,ULOT-240722-0001,ULOT-240722-9999,,1,ULOT-240722-0403,Yes,2024/7/22
LOT-NO,34830000,2024/7/23,ULOT-240723-0001,ULOT-240723-9999,,1,ULOT-240723-0144,Yes,2024/7/23
LOT-NO,34840000,2024/7/24,ULOT-240724-0001,ULOT-240724-9999,,1,ULOT-240724-0260,Yes,2024/7/24
LOT-NO,34850000,2024/7/25,ULOT-240725-0001,ULOT-240725-9999,,1,ULOT-240725-0193,Yes,2024/7/25
LOT-NO,34860000,2024/7/26,ULOT-240726-0001,ULOT-240726-9999,,1,ULOT-240726-0447,Yes,2024/7/26
LOT-NO,34870000,2024/7/27,ULOT-240727-0001,ULOT-240727-9999,,1,,Yes,
LOT-NO,34880000,2024/7/28,ULOT-240728-0001,ULOT-240728-9999,,1,,Yes,
LOT-NO,34890000,2024/7/29,ULOT-240729-0001,ULOT-240729-9999,,1,ULOT-240729-0793,Yes,2024/7/29
LOT-NO,34900000,2024/7/30,ULOT-240730-0001,ULOT-240730-9999,,1,ULOT-240730-0117,Yes,2024/7/30
LOT-NO,34910000,2024/7/31,ULOT-240731-0001,ULOT-240731-9999,,1,ULOT-240731-1202,Yes,2024/7/31
LOT-NO,34920000,2024/8/1,ULOT-240801-0001,ULOT-240801-9999,,1,ULOT-240801-0287,Yes,2024/8/1
LOT-NO,34930000,2024/8/2,ULOT-240802-0001,ULOT-240802-9999,,1,ULOT-240802-0269,Yes,2024/8/2
LOT-NO,34940000,2024/8/3,ULOT-240803-0001,ULOT-240803-9999,,1,,Yes,
LOT-NO,34950000,2024/8/4,ULOT-240804-0001,ULOT-240804-9999,,1,,Yes,
LOT-NO,34960000,2024/8/5,ULOT-240805-0001,ULOT-240805-9999,,1,ULOT-240805-0353,Yes,2024/8/5
LOT-NO,34970000,2024/8/6,ULOT-240806-0001,ULOT-240806-9999,,1,ULOT-240806-0222,Yes,2024/8/6
LOT-NO,34980000,2024/8/7,ULOT-240807-0001,ULOT-240807-9999,,1,ULOT-240807-0320,Yes,2024/8/7
LOT-NO,34990000,2024/8/8,ULOT-240808-0001,ULOT-240808-9999,,1,ULOT-240808-0157,Yes,2024/8/8
LOT-NO,35000000,2024/8/9,ULOT-240809-0001,ULOT-240809-9999,,1,ULOT-240809-0544,Yes,2024/8/9
LOT-NO,35010000,2024/8/10,ULOT-240810-0001,ULOT-240810-9999,,1,,Yes,
LOT-NO,35020000,2024/8/11,ULOT-240811-0001,ULOT-240811-9999,,1,,Yes,
LOT-NO,35030000,2024/8/12,ULOT-240812-0001,ULOT-240812-9999,,1,ULOT-240812-0242,Yes,2024/8/12
LOT-NO,35040000,2024/8/13,ULOT-240813-0001,ULOT-240813-9999,,1,ULOT-240813-0337,Yes,2024/8/13
LOT-NO,35050000,2024/8/14,ULOT-240814-0001,ULOT-240814-9999,,1,ULOT-240814-0480,Yes,2024/8/14
LOT-NO,35060000,2024/8/15,ULOT-240815-0001,ULOT-240815-9999,,1,ULOT-240815-0329,Yes,2024/8/15
LOT-NO,35070000,2024/8/16,ULOT-240816-0001,ULOT-240816-9999,,1,ULOT-240816-0300,Yes,2024/8/16
LOT-NO,35080000,2024/8/17,ULOT-240817-0001,ULOT-240817-9999,,1,,Yes,
LOT-NO,35090000,2024/8/18,ULOT-240818-0001,ULOT-240818-9999,,1,,Yes,
LOT-NO,35100000,2024/8/19,ULOT-240819-0001,ULOT-240819-9999,,1,ULOT-240819-0361,Yes,2024/8/19
LOT-NO,35110000,2024/8/20,ULOT-240820-0001,ULOT-240820-9999,,1,ULOT-240820-0276,Yes,2024/8/20
LOT-NO,35120000,2024/8/21,ULOT-240821-0001,ULOT-240821-9999,,1,ULOT-240821-0326,Yes,2024/8/21
LOT-NO,35130000,2024/8/22,ULOT-240822-0001,ULOT-240822-9999,,1,ULOT-240822-0371,Yes,2024/8/22
LOT-NO,35140000,2024/8/23,ULOT-240823-0001,ULOT-240823-9999,,1,ULOT-240823-0231,Yes,2024/8/23
LOT-NO,35150000,2024/8/24,ULOT-240824-0001,ULOT-240824-9999,,1,,Yes,
LOT-NO,35160000,2024/8/25,ULOT-240825-0001,ULOT-240825-9999,,1,,Yes,
LOT-NO,35170000,2024/8/26,ULOT-240826-0001,ULOT-240826-9999,,1,ULOT-240826-0196,Yes,2024/8/26
LOT-NO,35180000,2024/8/27,ULOT-240827-0001,ULOT-240827-9999,,1,ULOT-240827-0333,Yes,2024/8/27
LOT-NO,35190000,2024/8/28,ULOT-240828-0001,ULOT-240828-9999,,1,ULOT-240828-0193,Yes,2024/8/28
LOT-NO,35200000,2024/8/29,ULOT-240829-0001,ULOT-240829-9999,,1,ULOT-240829-0266,Yes,2024/8/29
LOT-NO,35210000,2024/8/30,ULOT-240830-0001,ULOT-240830-9999,,1,,Yes,
LOT-NO,35220000,2024/8/31,ULOT-240831-0001,ULOT-240831-9999,,1,,Yes,
LOT-NO,35230000,2024/9/1,ULOT-240901-0001,ULOT-240901-9999,,1,,Yes,
LOT-NO,35240000,2024/9/2,ULOT-240902-0001,ULOT-240902-9999,,1,,Yes,
LOT-NO,35250000,2024/9/3,ULOT-240903-0001,ULOT-240903-9999,,1,,Yes,
LOT-NO,35260000,2024/9/4,ULOT-240904-0001,ULOT-240904-9999,,1,,Yes,
LOT-NO,35270000,2024/9/5,ULOT-240905-0001,ULOT-240905-9999,,1,,Yes,
LOT-NO,35280000,2024/9/6,ULOT-240906-0001,ULOT-240906-9999,,1,,Yes,
LOT-NO,35290000,2024/9/7,ULOT-240907-0001,ULOT-240907-9999,,1,,Yes,
LOT-NO,35300000,2024/9/8,ULOT-240908-0001,ULOT-240908-9999,,1,,Yes,
LOT-NO,35310000,2024/9/9,ULOT-240909-0001,ULOT-240909-9999,,1,,Yes,
LOT-NO,35320000,2024/9/10,ULOT-240910-0001,ULOT-240910-9999,,1,,Yes,
LOT-NO,35330000,2024/9/11,ULOT-240911-0001,ULOT-240911-9999,,1,,Yes,
LOT-NO,35340000,2024/9/12,ULOT-240912-0001,ULOT-240912-9999,,1,,Yes,
LOT-NO,35350000,2024/9/13,ULOT-240913-0001,ULOT-240913-9999,,1,,Yes,
LOT-NO,35360000,2024/9/14,ULOT-240914-0001,ULOT-240914-9999,,1,,Yes,
LOT-NO,35370000,2024/9/15,ULOT-240915-0001,ULOT-240915-9999,,1,,Yes,
LOT-NO,35380000,2024/9/16,ULOT-240916-0001,ULOT-240916-9999,,1,,Yes,
LOT-NO,35390000,2024/9/17,ULOT-240917-0001,ULOT-240917-9999,,1,,Yes,
LOT-NO,35400000,2024/9/18,ULOT-240918-0001,ULOT-240918-9999,,1,,Yes,
LOT-NO,35410000,2024/9/19,ULOT-240919-0001,ULOT-240919-9999,,1,,Yes,
LOT-NO,35420000,2024/9/20,ULOT-240920-0001,ULOT-240920-9999,,1,,Yes,
LOT-NO,35430000,2024/9/21,ULOT-240921-0001,ULOT-240921-9999,,1,,Yes,
LOT-NO,35440000,2024/9/22,ULOT-240922-0001,ULOT-240922-9999,,1,,Yes,
LOT-NO,35450000,2024/9/23,ULOT-240923-0001,ULOT-240923-9999,,1,,Yes,
LOT-NO,35460000,2024/9/24,ULOT-240924-0001,ULOT-240924-9999,,1,,Yes,
LOT-NO,35470000,2024/9/25,ULOT-240925-0001,ULOT-240925-9999,,1,,Yes,
LOT-NO,35480000,2024/9/26,ULOT-240926-0001,ULOT-240926-9999,,1,,Yes,
LOT-NO,35490000,2024/9/27,ULOT-240927-0001,ULOT-240927-9999,,1,,Yes,
LOT-NO,35500000,2024/9/28,ULOT-240928-0001,ULOT-240928-9999,,1,,Yes,
LOT-NO,35510000,2024/9/29,ULOT-240929-0001,ULOT-240929-9999,,1,,Yes,
LOT-NO,35520000,2024/9/30,ULOT-240930-0001,ULOT-240930-9999,,1,,Yes,
LOT-NO,35530000,2024/10/1,ULOT-241001-0001,ULOT-241001-9999,,1,,Yes,
LOT-NO,35540000,2024/10/2,ULOT-241002-0001,ULOT-241002-9999,,1,,Yes,
LOT-NO,35550000,2024/10/3,ULOT-241003-0001,ULOT-241003-9999,,1,,Yes,
LOT-NO,35560000,2024/10/4,ULOT-241004-0001,ULOT-241004-9999,,1,,Yes,
LOT-NO,35570000,2024/10/5,ULOT-241005-0001,ULOT-241005-9999,,1,,Yes,
LOT-NO,35580000,2024/10/6,ULOT-241006-0001,ULOT-241006-9999,,1,,Yes,
LOT-NO,35590000,2024/10/7,ULOT-241007-0001,ULOT-241007-9999,,1,,Yes,
LOT-NO,35600000,2024/10/8,ULOT-241008-0001,ULOT-241008-9999,,1,,Yes,
LOT-NO,35610000,2024/10/9,ULOT-241009-0001,ULOT-241009-9999,,1,,Yes,
LOT-NO,35620000,2024/10/10,ULOT-241010-0001,ULOT-241010-9999,,1,,Yes,
LOT-NO,35630000,2024/10/11,ULOT-241011-0001,ULOT-241011-9999,,1,,Yes,
LOT-NO,35640000,2024/10/12,ULOT-241012-0001,ULOT-241012-9999,,1,,Yes,
LOT-NO,35650000,2024/10/13,ULOT-241013-0001,ULOT-241013-9999,,1,,Yes,
LOT-NO,35660000,2024/10/14,ULOT-241014-0001,ULOT-241014-9999,,1,,Yes,
LOT-NO,35670000,2024/10/15,ULOT-241015-0001,ULOT-241015-9999,,1,,Yes,
LOT-NO,35680000,2024/10/16,ULOT-241016-0001,ULOT-241016-9999,,1,,Yes,
LOT-NO,35690000,2024/10/17,ULOT-241017-0001,ULOT-241017-9999,,1,,Yes,
LOT-NO,35700000,2024/10/18,ULOT-241018-0001,ULOT-241018-9999,,1,,Yes,
LOT-NO,35710000,2024/10/19,ULOT-241019-0001,ULOT-241019-9999,,1,,Yes,
LOT-NO,35720000,2024/10/20,ULOT-241020-0001,ULOT-241020-9999,,1,,Yes,
LOT-NO,35730000,2024/10/21,ULOT-241021-0001,ULOT-241021-9999,,1,,Yes,
LOT-NO,35740000,2024/10/22,ULOT-241022-0001,ULOT-241022-9999,,1,,Yes,
LOT-NO,35750000,2024/10/23,ULOT-241023-0001,ULOT-241023-9999,,1,,Yes,
LOT-NO,35760000,2024/10/24,ULOT-241024-0001,ULOT-241024-9999,,1,,Yes,
LOT-NO,35770000,2024/10/25,ULOT-241025-0001,ULOT-241025-9999,,1,,Yes,
LOT-NO,35780000,2024/10/26,ULOT-241026-0001,ULOT-241026-9999,,1,,Yes,
LOT-NO,35790000,2024/10/27,ULOT-241027-0001,ULOT-241027-9999,,1,,Yes,
LOT-NO,35800000,2024/10/28,ULOT-241028-0001,ULOT-241028-9999,,1,,Yes,
LOT-NO,35810000,2024/10/29,ULOT-241029-0001,ULOT-241029-9999,,1,,Yes,
LOT-NO,35820000,2024/10/30,ULOT-241030-0001,ULOT-241030-9999,,1,,Yes,
LOT-NO,35830000,2024/10/31,ULOT-241031-0001,ULOT-241031-9999,,1,,Yes,
LOT-NO,35840000,2024/11/1,ULOT-241101-0001,ULOT-241101-9999,,1,,Yes,
LOT-NO,35850000,2024/11/2,ULOT-241102-0001,ULOT-241102-9999,,1,,Yes,
LOT-NO,35860000,2024/11/3,ULOT-241103-0001,ULOT-241103-9999,,1,,Yes,
LOT-NO,35870000,2024/11/4,ULOT-241104-0001,ULOT-241104-9999,,1,,Yes,
LOT-NO,35880000,2024/11/5,ULOT-241105-0001,ULOT-241105-9999,,1,,Yes,
LOT-NO,35890000,2024/11/6,ULOT-241106-0001,ULOT-241106-9999,,1,,Yes,
LOT-NO,35900000,2024/11/7,ULOT-241107-0001,ULOT-241107-9999,,1,,Yes,
LOT-NO,35910000,2024/11/8,ULOT-241108-0001,ULOT-241108-9999,,1,,Yes,
LOT-NO,35920000,2024/11/9,ULOT-241109-0001,ULOT-241109-9999,,1,,Yes,
LOT-NO,35930000,2024/11/10,ULOT-241110-0001,ULOT-241110-9999,,1,,Yes,
LOT-NO,35940000,2024/11/11,ULOT-241111-0001,ULOT-241111-9999,,1,,Yes,
LOT-NO,35950000,2024/11/12,ULOT-241112-0001,ULOT-241112-9999,,1,,Yes,
LOT-NO,35960000,2024/11/13,ULOT-241113-0001,ULOT-241113-9999,,1,,Yes,
LOT-NO,35970000,2024/11/14,ULOT-241114-0001,ULOT-241114-9999,,1,,Yes,
LOT-NO,35980000,2024/11/15,ULOT-241115-0001,ULOT-241115-9999,,1,,Yes,
LOT-NO,35990000,2024/11/16,ULOT-241116-0001,ULOT-241116-9999,,1,,Yes,
LOT-NO,36000000,2024/11/17,ULOT-241117-0001,ULOT-241117-9999,,1,,Yes,
LOT-NO,36010000,2024/11/18,ULOT-241118-0001,ULOT-241118-9999,,1,,Yes,
LOT-NO,36020000,2024/11/19,ULOT-241119-0001,ULOT-241119-9999,,1,,Yes,
LOT-NO,36030000,2024/11/20,ULOT-241120-0001,ULOT-241120-9999,,1,,Yes,
LOT-NO,36040000,2024/11/21,ULOT-241121-0001,ULOT-241121-9999,,1,,Yes,
LOT-NO,36050000,2024/11/22,ULOT-241122-0001,ULOT-241122-9999,,1,,Yes,
LOT-NO,36060000,2024/11/23,ULOT-241123-0001,ULOT-241123-9999,,1,,Yes,
LOT-NO,36070000,2024/11/24,ULOT-241124-0001,ULOT-241124-9999,,1,,Yes,
LOT-NO,36080000,2024/11/25,ULOT-241125-0001,ULOT-241125-9999,,1,,Yes,
LOT-NO,36090000,2024/11/26,ULOT-241126-0001,ULOT-241126-9999,,1,,Yes,
LOT-NO,36100000,2024/11/27,ULOT-241127-0001,ULOT-241127-9999,,1,,Yes,
LOT-NO,36110000,2024/11/28,ULOT-241128-0001,ULOT-241128-9999,,1,,Yes,
LOT-NO,36120000,2024/11/29,ULOT-241129-0001,ULOT-241129-9999,,1,,Yes,
LOT-NO,36130000,2024/11/30,ULOT-241130-0001,ULOT-241130-9999,,1,,Yes,
LOT-NO,36140000,2024/12/1,ULOT-241201-0001,ULOT-241201-9999,,1,,Yes,
LOT-NO,36150000,2024/12/2,ULOT-241202-0001,ULOT-241202-9999,,1,,Yes,
LOT-NO,36160000,2024/12/3,ULOT-241203-0001,ULOT-241203-9999,,1,,Yes,
LOT-NO,36170000,2024/12/4,ULOT-241204-0001,ULOT-241204-9999,,1,,Yes,
LOT-NO,36180000,2024/12/5,ULOT-241205-0001,ULOT-241205-9999,,1,,Yes,
LOT-NO,36190000,2024/12/6,ULOT-241206-0001,ULOT-241206-9999,,1,,Yes,
LOT-NO,36200000,2024/12/7,ULOT-241207-0001,ULOT-241207-9999,,1,,Yes,
LOT-NO,36210000,2024/12/8,ULOT-241208-0001,ULOT-241208-9999,,1,,Yes,
LOT-NO,36220000,2024/12/9,ULOT-241209-0001,ULOT-241209-9999,,1,,Yes,
LOT-NO,36230000,2024/12/10,ULOT-241210-0001,ULOT-241210-9999,,1,,Yes,
LOT-NO,36240000,2024/12/11,ULOT-241211-0001,ULOT-241211-9999,,1,,Yes,
LOT-NO,36250000,2024/12/12,ULOT-241212-0001,ULOT-241212-9999,,1,,Yes,
LOT-NO,36260000,2024/12/13,ULOT-241213-0001,ULOT-241213-9999,,1,,Yes,
LOT-NO,36270000,2024/12/14,ULOT-241214-0001,ULOT-241214-9999,,1,,Yes,
LOT-NO,36280000,2024/12/15,ULOT-241215-0001,ULOT-241215-9999,,1,,Yes,
LOT-NO,36290000,2024/12/16,ULOT-241216-0001,ULOT-241216-9999,,1,,Yes,
LOT-NO,36300000,2024/12/17,ULOT-241217-0001,ULOT-241217-9999,,1,,Yes,
LOT-NO,36310000,2024/12/18,ULOT-241218-0001,ULOT-241218-9999,,1,,Yes,
LOT-NO,36320000,2024/12/19,ULOT-241219-0001,ULOT-241219-9999,,1,,Yes,
LOT-NO,36330000,2024/12/20,ULOT-241220-0001,ULOT-241220-9999,,1,,Yes,
LOT-NO,36340000,2024/12/21,ULOT-241221-0001,ULOT-241221-9999,,1,,Yes,
LOT-NO,36350000,2024/12/22,ULOT-241222-0001,ULOT-241222-9999,,1,,Yes,
LOT-NO,36360000,2024/12/23,ULOT-241223-0001,ULOT-241223-9999,,1,,Yes,
LOT-NO,36370000,2024/12/24,ULOT-241224-0001,ULOT-241224-9999,,1,,Yes,
LOT-NO,36380000,2024/12/25,ULOT-241225-0001,ULOT-241225-9999,,1,,Yes,
LOT-NO,36390000,2024/12/26,ULOT-241226-0001,ULOT-241226-9999,,1,,Yes,
LOT-NO,36400000,2024/12/27,ULOT-241227-0001,ULOT-241227-9999,,1,,Yes,
LOT-NO,36410000,2024/12/28,ULOT-241228-0001,ULOT-241228-9999,,1,,Yes,
LOT-NO,36420000,2024/12/29,ULOT-241229-0001,ULOT-241229-9999,,1,,Yes,
LOT-NO,36430000,2024/12/30,ULOT-241230-0001,ULOT-241230-9999,,1,,Yes,
LOT-NO,36440000,2024/12/31,ULOT-241231-0001,ULOT-241231-9999,,1,,Yes,
SOR,10000,2008/12/1,USOR-08C0001,USOR-08C9999,,0,,Yes,
SOR,20000,2009/1/1,USOR-0910001,USOR-0919999,,0,,Yes,
SOR,30000,2009/2/1,USOR-0920001,USOR-0929999,,0,,Yes,
SOR,40000,2009/3/1,USOR-0930001,USOR-0939999,,0,,Yes,
SOR,50000,2009/4/1,USOR-0940001,USOR-0949999,,0,,Yes,
SOR,60000,2009/5/1,USOR-0950001,USOR-0959999,,0,,Yes,
SOR,70000,2009/6/1,USOR-0960001,USOR-0969999,,0,,Yes,
SOR,80000,2009/7/1,USOR-0970001,USOR-0979999,,0,USOR-0971419,Yes,2009/7/31
SOR,90000,2009/8/1,USOR-0980001,USOR-0989999,,0,USOR-0981221,Yes,2009/8/31
SOR,100000,2009/9/1,USOR-0990001,USOR-0999999,,0,USOR-0991595,Yes,2009/9/30
SOR,110000,2009/10/1,USOR-09A0001,USOR-09A9999,,0,USOR-09A1311,Yes,2009/10/30
SOR,120000,2009/11/1,USOR-09B0001,USOR-09B9999,,0,USOR-09B1399,Yes,2009/11/30
SOR,130000,2009/12/1,USOR-09C0001,USOR-09C9999,,0,USOR-09C1467,Yes,2009/12/31
SOR,140000,2010/1/1,USOR-1010001,USOR-1019999,,1,USOR-1011268,Yes,2010/1/29
SOR,150000,2010/2/1,USOR-1020001,USOR-1029999,,1,USOR-1021230,Yes,2010/2/26
SOR,160000,2010/3/1,USOR-1030001,USOR-1039999,,1,USOR-1031534,Yes,2010/3/31
SOR,170000,2010/4/1,USOR-1040001,USOR-1049999,,1,USOR-1041251,Yes,2010/4/30
SOR,180000,2010/5/1,USOR-1050001,USOR-1059999,,1,USOR-1051225,Yes,2010/5/28
SOR,190000,2010/6/1,USOR-1060001,USOR-1069999,,1,USOR-1061007,Yes,2010/6/30
SOR,200000,2010/7/1,USOR-1070001,USOR-1079999,,1,USOR-1071215,Yes,2010/7/30
SOR,210000,2010/8/1,USOR-1080001,USOR-1089999,,1,USOR-1081356,Yes,2010/8/31
SOR,220000,2010/9/1,USOR-1090001,USOR-1199999,,1,USOR-1091496,Yes,2010/9/30
SOR,230000,2010/10/1,USOR-10A0001,USOR-10A9999,,1,USOR-10A1170,Yes,2010/10/29
SOR,240000,2010/11/1,USOR-10B0001,USOR-10B9999,,1,USOR-10B1279,Yes,2010/11/30
SOR,250000,2010/12/1,USOR-10C0001,USOR-10C9999,,1,USOR-10C1358,Yes,2010/12/30
SOR,260000,2011/1/1,USOR-1110001,USOR-1119999,,1,USOR-1111333,Yes,2011/1/31
SOR,270000,2011/2/1,USOR-1120001,USOR-1129999,,1,USOR-1121365,Yes,2011/2/28
SOR,280000,2011/3/1,USOR-1130001,USOR-1139999,,1,USOR-1131854,Yes,2011/3/31
SOR,290000,2011/4/1,USOR-1140001,USOR-1149999,,1,USOR-1141386,Yes,2011/4/29
SOR,300000,2011/5/1,USOR-1150001,USOR-1159999,,1,USOR-1151130,Yes,2011/5/31
SOR,310000,2011/6/1,USOR-1160001,USOR-1169999,,1,USOR-1161179,Yes,2011/6/30
SOR,320000,2011/7/1,USOR-1170001,USOR-1179999,,1,USOR-1171081,Yes,2011/7/29
SOR,330000,2011/8/1,USOR-1180001,USOR-1189999,,1,USOR-1181054,Yes,2011/8/31
SOR,340000,2011/9/1,USOR-1190001,USOR-1199999,,1,USOR-1191108,Yes,2011/9/30
SOR,350000,2011/10/1,USOR-11A0001,USOR-11A9999,,1,USOR-11A0996,Yes,2011/10/31
SOR,360000,2011/11/1,USOR-11B0001,USOR-11B9999,,1,USOR-11B1198,Yes,2011/11/30
SOR,370000,2011/12/1,USOR-11C0001,USOR-11C9999,,1,USOR-11C0929,Yes,2011/12/30
SOR,380000,2012/1/1,USOR-1210001,USOR-1219999,,1,USOR-1211161,Yes,2012/1/31
SOR,390000,2012/2/1,USOR-1220001,USOR-1229999,,1,USOR-1221343,Yes,2012/2/29
SOR,400000,2012/3/1,USOR-1230001,USOR-1239999,,1,USOR-1231270,Yes,2012/3/30
SOR,410000,2012/4/1,USOR-1240001,USOR-1249999,,1,USOR-1241205,Yes,2012/4/30
SOR,420000,2012/5/1,USOR-1250001,USOR-1259999,,1,USOR-1251463,Yes,2012/5/31
SOR,430000,2012/6/1,USOR-1260001,USOR-1269999,,1,USOR-1261255,Yes,2012/6/29
SOR,440000,2012/7/1,USOR-1270001,USOR-1279999,,1,USOR-1271303,Yes,2012/7/31
SOR,450000,2012/8/1,USOR-1280001,USOR-1289999,,1,USOR-1281308,Yes,2012/8/31
SOR,460000,2012/9/1,USOR-1290001,USOR-1299999,,1,USOR-1291237,Yes,2012/9/28
SOR,470000,2012/10/1,USOR-12A0001,USOR-12A9999,,1,USOR-12A1200,Yes,2012/10/31
SOR,480000,2012/11/1,USOR-12B0001,USOR-12B9999,,1,USOR-12B1320,Yes,2012/11/30
SOR,490000,2012/12/1,USOR-12C0001,USOR-12C9999,,1,USOR-12C1185,Yes,2012/12/28
SOR,500000,2013/1/1,USO-1310001,USO-1319999,,1,USO-1311894,Yes,2013/1/31
SOR,510000,2013/2/1,USO-1320001,USO-1329999,,1,USO-1321440,Yes,2013/2/28
SOR,520000,2013/3/1,USO-1330001,USO-1339999,,1,USO-1332078,Yes,2013/3/29
SOR,530000,2013/4/1,USO-1340001,USO-1349999,,1,USO-1341468,Yes,2013/4/30
SOR,540000,2013/5/1,USO-1350001,USO-1359999,,1,USO-1351619,Yes,2013/5/31
SOR,550000,2013/6/1,USO-1360001,USO-1369999,,1,USO-1361579,Yes,2013/6/28
SOR,560000,2013/7/1,USO-1370001,USO-1379999,,1,USO-1371787,Yes,2013/7/31
SOR,570000,2013/8/1,USO-1380001,USO-1389999,,1,USO-1381635,Yes,2013/8/30
SOR,580000,2013/9/1,USO-1390001,USO-1399999,,1,USO-1391652,Yes,2013/9/30
SOR,590000,2013/10/1,USO-13A0001,USO-13A9999,,1,USO-13A1541,Yes,2013/10/31
SOR,600000,2013/11/1,USO-13B0001,USO-13B9999,,1,USO-13B1579,Yes,2013/11/27
SOR,610000,2013/12/1,USO-13C0001,USO-13C9999,,1,USO-13C1434,Yes,2014/1/2
SOR,620000,2014/1/1,USO-1410001,USO-1419999,,1,USO-1412318,Yes,2014/1/31
SOR,630000,2014/2/1,USO-1420001,USO-1429999,,1,USO-1421960,Yes,2014/2/28
SOR,640000,2014/3/1,USO-1430001,USO-1439999,,1,USO-1431958,Yes,2014/3/31
SOR,650000,2014/4/1,USO-1440001,USO-1449999,,1,USO-1441990,Yes,2014/4/30
SOR,660000,2014/5/1,USO-1450001,USO-1459999,,1,USO-1451988,Yes,2014/5/30
SOR,670000,2014/6/1,USO-1460001,USO-1469999,,1,USO-1461799,Yes,2014/6/30
SOR,680000,2014/7/1,USO-1470001,USO-1479999,,1,USO-1471821,Yes,2014/7/31
SOR,690000,2014/8/1,USO-1480001,USO-1489999,,1,USO-1481779,Yes,2014/8/29
SOR,700000,2014/9/1,USO-1490001,USO-1499999,,1,USO-1492250,Yes,2014/9/30
SOR,710000,2014/10/1,USO-14A0001,USO-14A9999,,1,USO-14A2219,Yes,2014/10/31
SOR,720000,2014/11/1,USO-14B0001,USO-14B9999,,1,USO-14B1969,Yes,2014/11/26
SOR,730000,2014/12/1,USO-14C0001,USO-14C9999,,1,USO-14C2418,Yes,2014/12/31
SOR,740000,2015/1/1,USO-1510001,USO-1519999,,1,USO-1512333,Yes,2015/1/31
SOR,750000,2015/2/1,USO-1520001,USO-1529999,,1,USO-1522209,Yes,2015/2/27
SOR,760000,2015/3/1,USO-1530001,USO-1539999,,1,USO-1532888,Yes,2015/3/31
SOR,770000,2015/4/1,USO-1540001,USO-1549999,,1,USO-1541971,Yes,2015/4/30
SOR,780000,2015/5/1,USO-1550001,USO-1559999,,1,USO-1551605,Yes,2015/5/29
SOR,790000,2015/6/1,USO-1560001,USO-1569999,,1,USO-1562134,Yes,2015/6/30
SOR,800000,2015/7/1,USO-1570001,USO-1579999,,1,USO-1572445,Yes,2015/7/31
SOR,810000,2015/8/1,USO-1580001,USO-1589999,,1,USO-1582030,Yes,2015/8/31
SOR,820000,2015/9/1,USO-1590001,USO-1599999,,1,USO-1592141,Yes,2015/9/30
SOR,830000,2015/10/1,USO-15A0001,USO-15A9999,,1,USO-15A2340,Yes,2015/10/30
SOR,840000,2015/11/1,USO-15B0001,USO-15B9999,,1,USO-15B1761,Yes,2015/11/30
SOR,850000,2015/12/1,USO-15C0001,USO-15C9999,,1,USO-15C1524,Yes,2015/12/30
SOR,860000,2016/1/1,USO-1610001,USO-1619999,,1,USO-1612313,Yes,2016/1/29
SOR,870000,2016/2/1,USO-1620001,USO-1629999,,1,USO-1622157,Yes,2016/2/29
SOR,880000,2016/3/1,USO-1630001,USO-1639999,,1,USO-1632184,Yes,2016/3/31
SOR,890000,2016/4/1,USO-1640001,USO-1649999,,1,USO-1641790,Yes,2016/4/29
SOR,900000,2016/5/1,USO-1650001,USO-1659999,,1,USO-1651940,Yes,2016/5/31
SOR,910000,2016/6/1,USO-1660001,USO-1669999,,1,USO-1662345,Yes,2016/6/30
SOR,920000,2016/7/1,USO-1670001,USO-1679999,,1,USO-1672178,Yes,2016/7/30
SOR,930000,2016/8/1,USO-1680001,USO-1689999,,1,USO-1682666,Yes,2016/8/31
SOR,940000,2016/9/1,USO-1690001,USO-1699999,,1,USO-1692231,Yes,2016/9/30
SOR,950000,2016/10/1,USO-16A0001,USO-16A9999,,1,USO-16A1660,Yes,2016/10/31
SOR,960000,2016/11/1,USO-16B0001,USO-16B9999,,1,USO-16B1881,Yes,2016/11/30
SOR,970000,2016/12/1,USO-16C0001,USO-16C9999,,1,USO-16C1489,Yes,2016/12/30
SOR,980000,2017/1/1,USO-1710001,USO-1719999,,1,USO-1712179,Yes,2017/1/31
SOR,990000,2017/2/1,USO-1720001,USO-1729999,,1,USO-1722003,Yes,2017/2/28
SOR,1000000,2017/3/1,USO-1730001,USO-1739999,,1,USO-1732618,Yes,2017/3/31
SOR,1010000,2017/4/1,USO-1740001,USO-1749999,,1,USO-1742173,Yes,2017/4/28
SOR,1020000,2017/5/1,USO-1750001,USO-1759999,,1,USO-1752360,Yes,2017/5/31
SOR,1030000,2017/6/1,USO-1760001,USO-1769999,,1,USO-1762143,Yes,2017/6/30
SOR,1040000,2017/7/1,USO-1770001,USO-1779999,,1,USO-1772515,Yes,2017/7/31
SOR,1050000,2017/8/1,USO-1780001,USO-1789999,,1,USO-1782527,Yes,2017/8/31
SOR,1060000,2017/9/1,USO-1790001,USO-1799999,,1,USO-1791758,Yes,2017/9/29
SOR,1070000,2017/10/1,USO-17A0001,USO-17A9999,,1,USO-17A1983,Yes,2017/10/31
SOR,1080000,2017/11/1,USO-17B0001,USO-17B9999,,1,USO-17B1744,Yes,2017/11/30
SOR,1090000,2017/12/1,USO-17C0001,USO-17C9999,,1,USO-17C1197,Yes,2017/12/22
SOR,1100000,2018/1/1,USO-1810001,USO-1819999,,1,USO-1811660,Yes,2018/1/31
SOR,1110000,2018/2/1,USO-1820001,USO-1829999,,1,USO-1821475,Yes,2018/2/28
SOR,1120000,2018/3/1,USO-1830001,USO-1839999,,1,USO-1832046,Yes,2018/3/30
SOR,1130000,2018/4/1,USO-1840001,USO-1849999,,1,USO-1841659,Yes,2018/4/30
SOR,1140000,2018/5/1,USO-1850001,USO-1859999,,1,USO-1851819,Yes,2018/5/31
SOR,1150000,2018/6/1,USO-1860001,USO-1869999,,1,USO-1861462,Yes,2018/6/29
SOR,1160000,2018/7/1,USO-1870001,USO-1879999,,1,USO-1871818,Yes,2018/7/31
SOR,1170000,2018/8/1,USO-1880001,USO-1889999,,1,USO-1881504,Yes,2018/8/31
SOR,1180000,2018/9/1,USO-1890001,USO-1899999,,1,USO-1891463,Yes,2018/9/28
SOR,1190000,2018/10/1,USO-18A0001,USO-18A9999,,1,USO-18A1565,Yes,2018/10/31
SOR,1200000,2018/11/1,USO-18B0001,USO-18B9999,,1,USO-18B1759,Yes,2018/11/30
SOR,1210000,2018/12/1,USO-18C0001,USO-18C9999,,1,USO-18C1160,Yes,2019/1/2
SOR,1220000,2019/1/1,USO-1910001,,,1,USO-1911824,Yes,2019/1/31
SOR,1230000,2019/2/1,USO-1920001,,,1,USO-1921776,Yes,2019/2/28
SOR,1240000,2019/3/1,USO-1930001,,,1,USO-1932047,Yes,2019/3/29
SOR,1250000,2019/4/1,USO-1940001,,,1,USO-1941858,Yes,2019/4/30
SOR,1260000,2019/5/1,USO-1950001,,,1,USO-1951564,Yes,2019/5/31
SOR,1270000,2019/6/1,USO-1960001,,,1,USO-1961428,Yes,2019/6/28
SOR,1280000,2019/7/1,USO-1970001,,,1,USO-1972246,Yes,2019/7/31
SOR,1290000,2019/8/1,USO-1980001,,,1,USO-1982117,Yes,2019/8/30
SOR,1300000,2019/9/1,USO-1990001,,,1,USO-1992068,Yes,2019/9/30
SOR,1310000,2019/10/1,USO-19A0001,,,1,USO-19A2080,Yes,2019/10/31
SOR,1320000,2019/11/1,USO-19B0001,,,1,USO-19B1786,Yes,2019/11/27
SOR,1330000,2019/12/1,USO-19C0001,,,1,USO-19C1581,Yes,2019/12/31
SOR,1350000,2020/1/1,USO-2010001,,,1,USO-2012349,Yes,2020/1/31
SOR,1360000,2020/2/1,USO-2020001,,,1,USO-2021612,Yes,2020/2/28
SOR,1370000,2020/3/1,USO-2030001,,,1,USO-2031838,Yes,2020/3/31
SOR,1380000,2020/4/1,USO-2040001,,,1,USO-2041912,Yes,2020/4/30
SOR,1390000,2020/5/1,USO-2050001,,,1,USO-2052175,Yes,2020/5/29
SOR,1400000,2020/6/1,USO-2060001,,,1,USO-2062550,Yes,2020/6/30
SOR,1410000,2020/7/1,USO-2070001,,,1,USO-2072638,Yes,2020/7/31
SOR,1420000,2020/8/1,USO-2080001,,,1,USO-2082201,Yes,2020/8/31
SOR,1430000,2020/9/1,USO-2090001,,,1,USO-2092764,Yes,2020/9/30
SOR,1440000,2020/10/1,USO-20A0001,,,1,USO-20A2510,Yes,2020/10/30
SOR,1450000,2020/11/1,USO-20B0001,,,1,USO-20B2716,Yes,2020/11/30
SOR,1460000,2020/12/1,USO-20C0001,,,1,USO-20C1507,Yes,2020/12/31
SOR,1470000,2021/1/1,USO-2110001,,,1,USO-2112191,Yes,2021/1/29
SOR,1480000,2021/2/1,USO-2120001,,,1,USO-2121809,Yes,2021/2/27
SOR,1490000,2021/3/1,USO-2130001,,,1,USO-2132644,Yes,2021/3/31
SOR,1500000,2021/4/1,USO-2140001,,,1,USO-2142024,Yes,2021/4/30
SOR,1510000,2021/5/1,USO-2150001,,,1,USO-2151841,Yes,2021/5/28
SOR,1520000,2021/6/1,USO-2160001,,,1,USO-2162015,Yes,2021/6/30
SOR,1530000,2021/7/1,USO-2170001,,,1,USO-2171801,Yes,2021/7/30
SOR,1540000,2021/8/1,USO-2180001,,,1,USO-2181234,Yes,2021/8/31
SOR,1550000,2021/9/1,USO-2190001,,,1,USO-2191835,Yes,2021/9/30
SOR,1560000,2021/10/1,USO-21A0001,,,1,USO-21A1660,Yes,2021/10/29
SOR,1570000,2021/11/1,USO-21B0001,,,1,USO-21B1761,Yes,2021/11/30
SOR,1580000,2021/12/1,USO-21C0001,,,1,USO-21C0963,Yes,2021/12/30
SOR,1590000,2022/1/1,USO-2210001,,,1,USO-2212278,Yes,2022/1/31
SOR,1600000,2022/2/1,USO-2220001,,,1,USO-2221637,Yes,2022/2/28
SOR,1610000,2022/3/1,USO-2230001,,,1,USO-2232117,Yes,2022/3/31
SOR,1620000,2022/4/1,USO-2240001,,,1,USO-2241773,Yes,2022/4/29
SOR,1630000,2022/5/1,USO-2250001,,,1,USO-2252180,Yes,2022/5/31
SOR,1640000,2022/6/1,USO-2260001,,,1,USO-2262432,Yes,2022/6/30
SOR,1650000,2022/7/1,USO-2270001,,,1,USO-2272455,Yes,2022/7/31
SOR,1660000,2022/8/1,USO-2280001,,,1,USO-2282206,Yes,2022/8/31
SOR,1670000,2022/9/1,USO-2290001,,,1,USO-2292024,Yes,2022/9/30
SOR,1680000,2022/10/1,USO-22A0001,,,1,USO-22A2401,Yes,2022/10/31
SOR,1690000,2022/11/1,USO-22B0001,,,1,USO-22B3524,Yes,2022/11/30
SOR,1700000,2022/12/1,USO-22C0001,,,1,USO-22C1388,Yes,2022/12/28
SOR,1710000,2023/1/1,USO-2310001,,,1,USO-2312580,Yes,2023/1/31
SOR,1720000,2023/2/1,USO-2320001,,,1,USO-2322622,Yes,2023/2/28
SOR,1730000,2023/3/1,USO-2330001,,,1,USO-2333186,Yes,2023/3/31
SOR,1740000,2023/4/1,USO-2340001,,,1,USO-2342115,Yes,2023/4/28
SOR,1750000,2023/5/1,USO-2350001,,,1,USO-2352014,Yes,2023/5/31
SOR,1760000,2023/6/1,USO-2360001,,,1,USO-2362078,Yes,2023/6/30
SOR,1770000,2023/7/1,USO-2370001,,,1,USO-2372074,Yes,2023/7/31
SOR,1780000,2023/8/1,USO-2380001,,,1,USO-2382809,Yes,2023/8/31
SOR,1790000,2023/9/1,USO-2390001,,,1,USO-2392757,Yes,2023/9/29
SOR,1800000,2023/10/1,USO-23A0001,,,1,USO-23A2585,Yes,2023/10/31
SOR,1810000,2023/11/1,USO-23B0001,,,1,USO-23B2816,Yes,2023/11/30
SOR,1820000,2023/12/1,USO-23C0001,,,1,USO-23C1880,Yes,2023/12/26
SOR,1830000,2024/1/1,USO-2410001,,,1,USO-2412369,Yes,2024/1/31
SOR,1840000,2024/2/1,USO-2420001,,,1,USO-2422419,Yes,2024/2/29
SOR,1850000,2024/3/1,USO-2430001,,,1,USO-2432941,Yes,2024/3/30
SOR,1860000,2024/4/1,USO-2440001,,,1,USO-2442352,Yes,2024/4/30
SOR,1870000,2024/5/1,USO-2450001,,,1,USO-2452355,Yes,2024/5/31
SOR,1880000,2024/6/1,USO-2460001,,,1,USO-2462264,Yes,2024/6/30
SOR,1890000,2024/7/1,USO-2470001,,,1,USO-2472300,Yes,2024/7/31
SOR,1900000,2024/8/1,USO-2480001,,,1,USO-2482300,Yes,2024/8/29
SOR,1910000,2024/9/1,USO-2490001,,,1,,Yes,
SOR,1920000,2024/10/1,USO-24A0001,,,1,,Yes,
SOR,1930000,2024/11/1,USO-24B0001,,,1,,Yes,
SOR,1940000,2024/12/1,USO-24C0001,,,1,,Yes,
